symptoms,output,flag,username,timestamp
"['blood_in_sputum', 'family_history', 'polyuria']","Predicted Disease: Bronchial Asthma
precautions to be taken ---->
1 bath twice
2 use detol or neem in bathing water
3 keep infected area dry
4 use clean cloths
",,,2023-10-19 13:09:16.120461
"['blood_in_sputum', 'family_history', 'polyuria']","Predicted Disease: Bronchial Asthma
precautions to be taken ---->
1 bath twice
2 use detol or neem in bathing water
3 keep infected area dry
4 use clean cloths
",,,2023-10-19 13:09:18.315883
